s_value,l_value,continent_index,sub,continent_code,continent_label,subs,h_base,h_span,color_continent,h_base_area,color_area,color_hex,color_code,area_code,hue
0.8,0.5,0,0,1,Africa,5,0.0,0.02,#e51919,0.0,#e51919,#e51919,1,1,0.0
0.8,0.5,0,1,1,Africa,5,0.0,0.02,#e51919,0.02,#e53119,#e53119,1,2,0.02
0.8,0.5,0,2,1,Africa,5,0.0,0.02,#e51919,0.04,#e54a19,#e54a19,1,3,0.04
0.8,0.5,0,3,1,Africa,5,0.0,0.02,#e51919,0.06,#e56219,#e56219,1,4,0.06
0.8,0.5,0,4,1,Africa,5,0.0,0.02,#e51919,0.08,#e57b19,#e57b19,1,5,0.08
0.8,0.4,0,0,1,Africa,5,0.0,0.02,#e51919,0.0,#e51919,#b71414,2,1,0.0
0.8,0.4,0,1,1,Africa,5,0.0,0.02,#e51919,0.02,#e53119,#b72714,2,2,0.02
0.8,0.4,0,2,1,Africa,5,0.0,0.02,#e51919,0.04,#e54a19,#b73b14,2,3,0.04
0.8,0.4,0,3,1,Africa,5,0.0,0.02,#e51919,0.06,#e56219,#b74f14,2,4,0.06
0.8,0.4,0,4,1,Africa,5,0.0,0.02,#e51919,0.08,#e57b19,#b76214,2,5,0.08
0.8,0.6,0,0,1,Africa,5,0.0,0.02,#e51919,0.0,#e51919,#ea4747,3,1,0.0
0.8,0.6,0,1,1,Africa,5,0.0,0.02,#e51919,0.02,#e53119,#ea5a47,3,2,0.02
0.8,0.6,0,2,1,Africa,5,0.0,0.02,#e51919,0.04,#e54a19,#ea6e47,3,3,0.04
0.8,0.6,0,3,1,Africa,5,0.0,0.02,#e51919,0.06,#e56219,#ea8247,3,4,0.06
0.8,0.6,0,4,1,Africa,5,0.0,0.02,#e51919,0.08,#e57b19,#ea9547,3,5,0.08
0.8,0.3,0,0,1,Africa,5,0.0,0.02,#e51919,0.0,#e51919,#890f0f,4,1,0.0
0.8,0.3,0,1,1,Africa,5,0.0,0.02,#e51919,0.02,#e53119,#891d0f,4,2,0.02
0.8,0.3,0,2,1,Africa,5,0.0,0.02,#e51919,0.04,#e54a19,#892c0f,4,3,0.04
0.8,0.3,0,3,1,Africa,5,0.0,0.02,#e51919,0.06,#e56219,#893b0f,4,4,0.06
0.8,0.3,0,4,1,Africa,5,0.0,0.02,#e51919,0.08,#e57b19,#894a0f,4,5,0.08
0.8,0.7,0,0,1,Africa,5,0.0,0.02,#e51919,0.0,#e51919,#ef7575,5,1,0.0
0.8,0.7,0,1,1,Africa,5,0.0,0.02,#e51919,0.02,#e53119,#ef8375,5,2,0.02
0.8,0.7,0,2,1,Africa,5,0.0,0.02,#e51919,0.04,#e54a19,#ef9275,5,3,0.04
0.8,0.7,0,3,1,Africa,5,0.0,0.02,#e51919,0.06,#e56219,#efa175,5,4,0.06
0.8,0.7,0,4,1,Africa,5,0.0,0.02,#e51919,0.08,#e57b19,#efb075,5,5,0.08
0.6,0.5,0,0,1,Africa,5,0.0,0.02,#e51919,0.0,#e51919,#cc3232,6,1,0.0
0.6,0.5,0,1,1,Africa,5,0.0,0.02,#e51919,0.02,#e53119,#cc4532,6,2,0.02
0.6,0.5,0,2,1,Africa,5,0.0,0.02,#e51919,0.04,#e54a19,#cc5732,6,3,0.04
0.6,0.5,0,3,1,Africa,5,0.0,0.02,#e51919,0.06,#e56219,#cc6a32,6,4,0.06
0.6,0.5,0,4,1,Africa,5,0.0,0.02,#e51919,0.08,#e57b19,#cc7c32,6,5,0.08
0.6,0.4,0,0,1,Africa,5,0.0,0.02,#e51919,0.0,#e51919,#a32828,7,1,0.0
0.6,0.4,0,1,1,Africa,5,0.0,0.02,#e51919,0.02,#e53119,#a33728,7,2,0.02
0.6,0.4,0,2,1,Africa,5,0.0,0.02,#e51919,0.04,#e54a19,#a34628,7,3,0.04
0.6,0.4,0,3,1,Africa,5,0.0,0.02,#e51919,0.06,#e56219,#a35428,7,4,0.06
0.6,0.4,0,4,1,Africa,5,0.0,0.02,#e51919,0.08,#e57b19,#a36328,7,5,0.08
0.6,0.6,0,0,1,Africa,5,0.0,0.02,#e51919,0.0,#e51919,#d65b5b,8,1,0.0
0.6,0.6,0,1,1,Africa,5,0.0,0.02,#e51919,0.02,#e53119,#d66a5b,8,2,0.02
0.6,0.6,0,2,1,Africa,5,0.0,0.02,#e51919,0.04,#e54a19,#d6795b,8,3,0.04
0.6,0.6,0,3,1,Africa,5,0.0,0.02,#e51919,0.06,#e56219,#d6875b,8,4,0.06
0.6,0.6,0,4,1,Africa,5,0.0,0.02,#e51919,0.08,#e57b19,#d6965b,8,5,0.08
0.6,0.3,0,0,1,Africa,5,0.0,0.02,#e51919,0.0,#e51919,#7a1e1e,9,1,0.0
0.6,0.3,0,1,1,Africa,5,0.0,0.02,#e51919,0.02,#e53119,#7a291e,9,2,0.02
0.6,0.3,0,2,1,Africa,5,0.0,0.02,#e51919,0.04,#e54a19,#7a341e,9,3,0.04
0.6,0.3,0,3,1,Africa,5,0.0,0.02,#e51919,0.06,#e56219,#7a3f1e,9,4,0.06
0.6,0.3,0,4,1,Africa,5,0.0,0.02,#e51919,0.08,#e57b19,#7a4a1e,9,5,0.08
0.6,0.7,0,0,1,Africa,5,0.0,0.02,#e51919,0.0,#e51919,#e08484,10,1,0.0
0.6,0.7,0,1,1,Africa,5,0.0,0.02,#e51919,0.02,#e53119,#e08f84,10,2,0.02
0.6,0.7,0,2,1,Africa,5,0.0,0.02,#e51919,0.04,#e54a19,#e09a84,10,3,0.04
0.6,0.7,0,3,1,Africa,5,0.0,0.02,#e51919,0.06,#e56219,#e0a584,10,4,0.06
0.6,0.7,0,4,1,Africa,5,0.0,0.02,#e51919,0.08,#e57b19,#e0b084,10,5,0.08
1.0,0.5,0,0,1,Africa,5,0.0,0.02,#e51919,0.0,#e51919,#ff0000,11,1,0.0
1.0,0.5,0,1,1,Africa,5,0.0,0.02,#e51919,0.02,#e53119,#ff1e00,11,2,0.02
1.0,0.5,0,2,1,Africa,5,0.0,0.02,#e51919,0.04,#e54a19,#ff3d00,11,3,0.04
1.0,0.5,0,3,1,Africa,5,0.0,0.02,#e51919,0.06,#e56219,#ff5b00,11,4,0.06
1.0,0.5,0,4,1,Africa,5,0.0,0.02,#e51919,0.08,#e57b19,#ff7a00,11,5,0.08
1.0,0.4,0,0,1,Africa,5,0.0,0.02,#e51919,0.0,#e51919,#cc0000,12,1,0.0
1.0,0.4,0,1,1,Africa,5,0.0,0.02,#e51919,0.02,#e53119,#cc1800,12,2,0.02
1.0,0.4,0,2,1,Africa,5,0.0,0.02,#e51919,0.04,#e54a19,#cc3000,12,3,0.04
1.0,0.4,0,3,1,Africa,5,0.0,0.02,#e51919,0.06,#e56219,#cc4900,12,4,0.06
1.0,0.4,0,4,1,Africa,5,0.0,0.02,#e51919,0.08,#e57b19,#cc6100,12,5,0.08
1.0,0.6,0,0,1,Africa,5,0.0,0.02,#e51919,0.0,#e51919,#ff3232,13,1,0.0
1.0,0.6,0,1,1,Africa,5,0.0,0.02,#e51919,0.02,#e53119,#ff4b32,13,2,0.02
1.0,0.6,0,2,1,Africa,5,0.0,0.02,#e51919,0.04,#e54a19,#ff6332,13,3,0.04
1.0,0.6,0,3,1,Africa,5,0.0,0.02,#e51919,0.06,#e56219,#ff7c32,13,4,0.06
1.0,0.6,0,4,1,Africa,5,0.0,0.02,#e51919,0.08,#e57b19,#ff9432,13,5,0.08
1.0,0.3,0,0,1,Africa,5,0.0,0.02,#e51919,0.0,#e51919,#990000,14,1,0.0
1.0,0.3,0,1,1,Africa,5,0.0,0.02,#e51919,0.02,#e53119,#991200,14,2,0.02
1.0,0.3,0,2,1,Africa,5,0.0,0.02,#e51919,0.04,#e54a19,#992400,14,3,0.04
1.0,0.3,0,3,1,Africa,5,0.0,0.02,#e51919,0.06,#e56219,#993700,14,4,0.06
1.0,0.3,0,4,1,Africa,5,0.0,0.02,#e51919,0.08,#e57b19,#994900,14,5,0.08
1.0,0.7,0,0,1,Africa,5,0.0,0.02,#e51919,0.0,#e51919,#ff6565,15,1,0.0
1.0,0.7,0,1,1,Africa,5,0.0,0.02,#e51919,0.02,#e53119,#ff7865,15,2,0.02
1.0,0.7,0,2,1,Africa,5,0.0,0.02,#e51919,0.04,#e54a19,#ff8a65,15,3,0.04
1.0,0.7,0,3,1,Africa,5,0.0,0.02,#e51919,0.06,#e56219,#ff9d65,15,4,0.06
1.0,0.7,0,4,1,Africa,5,0.0,0.02,#e51919,0.08,#e57b19,#ffaf65,15,5,0.08
0.4,0.5,0,0,1,Africa,5,0.0,0.02,#e51919,0.0,#e51919,#b24c4c,16,1,0.0
0.4,0.5,0,1,1,Africa,5,0.0,0.02,#e51919,0.02,#e53119,#b2584c,16,2,0.02
0.4,0.5,0,2,1,Africa,5,0.0,0.02,#e51919,0.04,#e54a19,#b2644c,16,3,0.04
0.4,0.5,0,3,1,Africa,5,0.0,0.02,#e51919,0.06,#e56219,#b2714c,16,4,0.06
0.4,0.5,0,4,1,Africa,5,0.0,0.02,#e51919,0.08,#e57b19,#b27d4c,16,5,0.08
0.4,0.4,0,0,1,Africa,5,0.0,0.02,#e51919,0.0,#e51919,#8e3d3d,17,1,0.0
0.4,0.4,0,1,1,Africa,5,0.0,0.02,#e51919,0.02,#e53119,#8e463d,17,2,0.02
0.4,0.4,0,2,1,Africa,5,0.0,0.02,#e51919,0.04,#e54a19,#8e503d,17,3,0.04
0.4,0.4,0,3,1,Africa,5,0.0,0.02,#e51919,0.06,#e56219,#8e5a3d,17,4,0.06
0.4,0.4,0,4,1,Africa,5,0.0,0.02,#e51919,0.08,#e57b19,#8e643d,17,5,0.08
0.4,0.6,0,0,1,Africa,5,0.0,0.02,#e51919,0.0,#e51919,#c17070,18,1,0.0
0.4,0.6,0,1,1,Africa,5,0.0,0.02,#e51919,0.02,#e53119,#c17970,18,2,0.02
0.4,0.6,0,2,1,Africa,5,0.0,0.02,#e51919,0.04,#e54a19,#c18370,18,3,0.04
0.4,0.6,0,3,1,Africa,5,0.0,0.02,#e51919,0.06,#e56219,#c18d70,18,4,0.06
0.4,0.6,0,4,1,Africa,5,0.0,0.02,#e51919,0.08,#e57b19,#c19770,18,5,0.08
0.4,0.3,0,0,1,Africa,5,0.0,0.02,#e51919,0.0,#e51919,#6b2d2d,19,1,0.0
0.4,0.3,0,1,1,Africa,5,0.0,0.02,#e51919,0.02,#e53119,#6b352d,19,2,0.02
0.4,0.3,0,2,1,Africa,5,0.0,0.02,#e51919,0.04,#e54a19,#6b3c2d,19,3,0.04
0.4,0.3,0,3,1,Africa,5,0.0,0.02,#e51919,0.06,#e56219,#6b432d,19,4,0.06
0.4,0.3,0,4,1,Africa,5,0.0,0.02,#e51919,0.08,#e57b19,#6b4b2d,19,5,0.08
0.4,0.7,0,0,1,Africa,5,0.0,0.02,#e51919,0.0,#e51919,#d19393,20,1,0.0
0.4,0.7,0,1,1,Africa,5,0.0,0.02,#e51919,0.02,#e53119,#d19b93,20,2,0.02
0.4,0.7,0,2,1,Africa,5,0.0,0.02,#e51919,0.04,#e54a19,#d1a293,20,3,0.04
0.4,0.7,0,3,1,Africa,5,0.0,0.02,#e51919,0.06,#e56219,#d1a993,20,4,0.06
0.4,0.7,0,4,1,Africa,5,0.0,0.02,#e51919,0.08,#e57b19,#d1b193,20,5,0.08
0.25,0.5,0,0,1,Africa,5,0.0,0.02,#e51919,0.0,#e51919,#9f5f5f,21,1,0.0
0.25,0.5,0,1,1,Africa,5,0.0,0.02,#e51919,0.02,#e53119,#9f675f,21,2,0.02
0.25,0.5,0,2,1,Africa,5,0.0,0.02,#e51919,0.04,#e54a19,#9f6e5f,21,3,0.04
0.25,0.5,0,3,1,Africa,5,0.0,0.02,#e51919,0.06,#e56219,#9f765f,21,4,0.06
0.25,0.5,0,4,1,Africa,5,0.0,0.02,#e51919,0.08,#e57b19,#9f7e5f,21,5,0.08
0.25,0.4,0,0,1,Africa,5,0.0,0.02,#e51919,0.0,#e51919,#7f4c4c,22,1,0.0
0.25,0.4,0,1,1,Africa,5,0.0,0.02,#e51919,0.02,#e53119,#7f524c,22,2,0.02
0.25,0.4,0,2,1,Africa,5,0.0,0.02,#e51919,0.04,#e54a19,#7f584c,22,3,0.04
0.25,0.4,0,3,1,Africa,5,0.0,0.02,#e51919,0.06,#e56219,#7f5e4c,22,4,0.06
0.25,0.4,0,4,1,Africa,5,0.0,0.02,#e51919,0.08,#e57b19,#7f644c,22,5,0.08
0.25,0.6,0,0,1,Africa,5,0.0,0.02,#e51919,0.0,#e51919,#b27f7f,23,1,0.0
0.25,0.6,0,1,1,Africa,5,0.0,0.02,#e51919,0.02,#e53119,#b2857f,23,2,0.02
0.25,0.6,0,2,1,Africa,5,0.0,0.02,#e51919,0.04,#e54a19,#b28b7f,23,3,0.04
0.25,0.6,0,3,1,Africa,5,0.0,0.02,#e51919,0.06,#e56219,#b2917f,23,4,0.06
0.25,0.6,0,4,1,Africa,5,0.0,0.02,#e51919,0.08,#e57b19,#b2977f,23,5,0.08
0.25,0.3,0,0,1,Africa,5,0.0,0.02,#e51919,0.0,#e51919,#5f3939,24,1,0.0
0.25,0.3,0,1,1,Africa,5,0.0,0.02,#e51919,0.02,#e53119,#5f3d39,24,2,0.02
0.25,0.3,0,2,1,Africa,5,0.0,0.02,#e51919,0.04,#e54a19,#5f4239,24,3,0.04
0.25,0.3,0,3,1,Africa,5,0.0,0.02,#e51919,0.06,#e56219,#5f4739,24,4,0.06
0.25,0.3,0,4,1,Africa,5,0.0,0.02,#e51919,0.08,#e57b19,#5f4b39,24,5,0.08
0.25,0.7,0,0,1,Africa,5,0.0,0.02,#e51919,0.0,#e51919,#c59f9f,25,1,0.0
0.25,0.7,0,1,1,Africa,5,0.0,0.02,#e51919,0.02,#e53119,#c5a39f,25,2,0.02
0.25,0.7,0,2,1,Africa,5,0.0,0.02,#e51919,0.04,#e54a19,#c5a89f,25,3,0.04
0.25,0.7,0,3,1,Africa,5,0.0,0.02,#e51919,0.06,#e56219,#c5ad9f,25,4,0.06
0.25,0.7,0,4,1,Africa,5,0.0,0.02,#e51919,0.08,#e57b19,#c5b19f,25,5,0.08
0.8,0.5,1,0,2,America,4,0.15,0.02,#e5d119,0.15,#e5d119,#e5d119,1,6,0.15
0.8,0.5,1,1,2,America,4,0.15,0.02,#e5d119,0.17,#e1e519,#e1e519,1,7,0.17
0.8,0.5,1,2,2,America,4,0.15,0.02,#e5d119,0.19,#c8e519,#c8e519,1,8,0.19
0.8,0.5,1,3,2,America,4,0.15,0.02,#e5d119,0.21,#b0e519,#b0e519,1,9,0.21
0.8,0.4,1,0,2,America,4,0.15,0.02,#e5d119,0.15,#e5d119,#b7a714,2,6,0.15
0.8,0.4,1,1,2,America,4,0.15,0.02,#e5d119,0.17,#e1e519,#b4b714,2,7,0.17
0.8,0.4,1,2,2,America,4,0.15,0.02,#e5d119,0.19,#c8e519,#a0b714,2,8,0.19
0.8,0.4,1,3,2,America,4,0.15,0.02,#e5d119,0.21,#b0e519,#8db714,2,9,0.21
0.8,0.6,1,0,2,America,4,0.15,0.02,#e5d119,0.15,#e5d119,#eada47,3,6,0.15
0.8,0.6,1,1,2,America,4,0.15,0.02,#e5d119,0.17,#e1e519,#e7ea47,3,7,0.17
0.8,0.6,1,2,2,America,4,0.15,0.02,#e5d119,0.19,#c8e519,#d3ea47,3,8,0.19
0.8,0.6,1,3,2,America,4,0.15,0.02,#e5d119,0.21,#b0e519,#c0ea47,3,9,0.21
0.8,0.3,1,0,2,America,4,0.15,0.02,#e5d119,0.15,#e5d119,#897d0f,4,6,0.15
0.8,0.3,1,1,2,America,4,0.15,0.02,#e5d119,0.17,#e1e519,#87890f,4,7,0.17
0.8,0.3,1,2,2,America,4,0.15,0.02,#e5d119,0.19,#c8e519,#78890f,4,8,0.19
0.8,0.3,1,3,2,America,4,0.15,0.02,#e5d119,0.21,#b0e519,#69890f,4,9,0.21
0.8,0.7,1,0,2,America,4,0.15,0.02,#e5d119,0.15,#e5d119,#efe375,5,6,0.15
0.8,0.7,1,1,2,America,4,0.15,0.02,#e5d119,0.17,#e1e519,#edef75,5,7,0.17
0.8,0.7,1,2,2,America,4,0.15,0.02,#e5d119,0.19,#c8e519,#deef75,5,8,0.19
0.8,0.7,1,3,2,America,4,0.15,0.02,#e5d119,0.21,#b0e519,#cfef75,5,9,0.21
0.6,0.5,1,0,2,America,4,0.15,0.02,#e5d119,0.15,#e5d119,#ccbc32,6,6,0.15
0.6,0.5,1,1,2,America,4,0.15,0.02,#e5d119,0.17,#e1e519,#c8cc32,6,7,0.17
0.6,0.5,1,2,2,America,4,0.15,0.02,#e5d119,0.19,#c8e519,#b6cc32,6,8,0.19
0.6,0.5,1,3,2,America,4,0.15,0.02,#e5d119,0.21,#b0e519,#a4cc32,6,9,0.21
0.6,0.4,1,0,2,America,4,0.15,0.02,#e5d119,0.15,#e5d119,#a39628,7,6,0.15
0.6,0.4,1,1,2,America,4,0.15,0.02,#e5d119,0.17,#e1e519,#a0a328,7,7,0.17
0.6,0.4,1,2,2,America,4,0.15,0.02,#e5d119,0.19,#c8e519,#92a328,7,8,0.19
0.6,0.4,1,3,2,America,4,0.15,0.02,#e5d119,0.21,#b0e519,#83a328,7,9,0.21
0.6,0.6,1,0,2,America,4,0.15,0.02,#e5d119,0.15,#e5d119,#d6c95b,8,6,0.15
0.6,0.6,1,1,2,America,4,0.15,0.02,#e5d119,0.17,#e1e519,#d3d65b,8,7,0.17
0.6,0.6,1,2,2,America,4,0.15,0.02,#e5d119,0.19,#c8e519,#c5d65b,8,8,0.19
0.6,0.6,1,3,2,America,4,0.15,0.02,#e5d119,0.21,#b0e519,#b6d65b,8,9,0.21
0.6,0.3,1,0,2,America,4,0.15,0.02,#e5d119,0.15,#e5d119,#7a711e,9,6,0.15
0.6,0.3,1,1,2,America,4,0.15,0.02,#e5d119,0.17,#e1e519,#787a1e,9,7,0.17
0.6,0.3,1,2,2,America,4,0.15,0.02,#e5d119,0.19,#c8e519,#6d7a1e,9,8,0.19
0.6,0.3,1,3,2,America,4,0.15,0.02,#e5d119,0.21,#b0e519,#627a1e,9,9,0.21
0.6,0.7,1,0,2,America,4,0.15,0.02,#e5d119,0.15,#e5d119,#e0d784,10,6,0.15
0.6,0.7,1,1,2,America,4,0.15,0.02,#e5d119,0.17,#e1e519,#dee084,10,7,0.17
0.6,0.7,1,2,2,America,4,0.15,0.02,#e5d119,0.19,#c8e519,#d3e084,10,8,0.19
0.6,0.7,1,3,2,America,4,0.15,0.02,#e5d119,0.21,#b0e519,#c8e084,10,9,0.21
1.0,0.5,1,0,2,America,4,0.15,0.02,#e5d119,0.15,#e5d119,#ffe500,11,6,0.15
1.0,0.5,1,1,2,America,4,0.15,0.02,#e5d119,0.17,#e1e519,#f9ff00,11,7,0.17
1.0,0.5,1,2,2,America,4,0.15,0.02,#e5d119,0.19,#c8e519,#dbff00,11,8,0.19
1.0,0.5,1,3,2,America,4,0.15,0.02,#e5d119,0.21,#b0e519,#bcff00,11,9,0.21
1.0,0.4,1,0,2,America,4,0.15,0.02,#e5d119,0.15,#e5d119,#ccb700,12,6,0.15
1.0,0.4,1,1,2,America,4,0.15,0.02,#e5d119,0.17,#e1e519,#c7cc00,12,7,0.17
1.0,0.4,1,2,2,America,4,0.15,0.02,#e5d119,0.19,#c8e519,#afcc00,12,8,0.19
1.0,0.4,1,3,2,America,4,0.15,0.02,#e5d119,0.21,#b0e519,#96cc00,12,9,0.21
1.0,0.6,1,0,2,America,4,0.15,0.02,#e5d119,0.15,#e5d119,#ffea32,13,6,0.15
1.0,0.6,1,1,2,America,4,0.15,0.02,#e5d119,0.17,#e1e519,#faff32,13,7,0.17
1.0,0.6,1,2,2,America,4,0.15,0.02,#e5d119,0.19,#c8e519,#e2ff32,13,8,0.19
1.0,0.6,1,3,2,America,4,0.15,0.02,#e5d119,0.21,#b0e519,#c9ff32,13,9,0.21
1.0,0.3,1,0,2,America,4,0.15,0.02,#e5d119,0.15,#e5d119,#998900,14,6,0.15
1.0,0.3,1,1,2,America,4,0.15,0.02,#e5d119,0.17,#e1e519,#959900,14,7,0.17
1.0,0.3,1,2,2,America,4,0.15,0.02,#e5d119,0.19,#c8e519,#839900,14,8,0.19
1.0,0.3,1,3,2,America,4,0.15,0.02,#e5d119,0.21,#b0e519,#719900,14,9,0.21
1.0,0.7,1,0,2,America,4,0.15,0.02,#e5d119,0.15,#e5d119,#ffef65,15,6,0.15
1.0,0.7,1,1,2,America,4,0.15,0.02,#e5d119,0.17,#e1e519,#fbff65,15,7,0.17
1.0,0.7,1,2,2,America,4,0.15,0.02,#e5d119,0.19,#c8e519,#e9ff65,15,8,0.19
1.0,0.7,1,3,2,America,4,0.15,0.02,#e5d119,0.21,#b0e519,#d7ff65,15,9,0.21
0.4,0.5,1,0,2,America,4,0.15,0.02,#e5d119,0.15,#e5d119,#b2a84c,16,6,0.15
0.4,0.5,1,1,2,America,4,0.15,0.02,#e5d119,0.17,#e1e519,#b0b24c,16,7,0.17
0.4,0.5,1,2,2,America,4,0.15,0.02,#e5d119,0.19,#c8e519,#a4b24c,16,8,0.19
0.4,0.5,1,3,2,America,4,0.15,0.02,#e5d119,0.21,#b0e519,#97b24c,16,9,0.21
0.4,0.4,1,0,2,America,4,0.15,0.02,#e5d119,0.15,#e5d119,#8e863d,17,6,0.15
0.4,0.4,1,1,2,America,4,0.15,0.02,#e5d119,0.17,#e1e519,#8d8e3d,17,7,0.17
0.4,0.4,1,2,2,America,4,0.15,0.02,#e5d119,0.19,#c8e519,#838e3d,17,8,0.19
0.4,0.4,1,3,2,America,4,0.15,0.02,#e5d119,0.21,#b0e519,#798e3d,17,9,0.21
0.4,0.6,1,0,2,America,4,0.15,0.02,#e5d119,0.15,#e5d119,#c1b970,18,6,0.15
0.4,0.6,1,1,2,America,4,0.15,0.02,#e5d119,0.17,#e1e519,#c0c170,18,7,0.17
0.4,0.6,1,2,2,America,4,0.15,0.02,#e5d119,0.19,#c8e519,#b6c170,18,8,0.19
0.4,0.6,1,3,2,America,4,0.15,0.02,#e5d119,0.21,#b0e519,#acc170,18,9,0.21
0.4,0.3,1,0,2,America,4,0.15,0.02,#e5d119,0.15,#e5d119,#6b642d,19,6,0.15
0.4,0.3,1,1,2,America,4,0.15,0.02,#e5d119,0.17,#e1e519,#696b2d,19,7,0.17
0.4,0.3,1,2,2,America,4,0.15,0.02,#e5d119,0.19,#c8e519,#626b2d,19,8,0.19
0.4,0.3,1,3,2,America,4,0.15,0.02,#e5d119,0.21,#b0e519,#5b6b2d,19,9,0.21
0.4,0.7,1,0,2,America,4,0.15,0.02,#e5d119,0.15,#e5d119,#d1ca93,20,6,0.15
0.4,0.7,1,1,2,America,4,0.15,0.02,#e5d119,0.17,#e1e519,#cfd193,20,7,0.17
0.4,0.7,1,2,2,America,4,0.15,0.02,#e5d119,0.19,#c8e519,#c8d193,20,8,0.19
0.4,0.7,1,3,2,America,4,0.15,0.02,#e5d119,0.21,#b0e519,#c1d193,20,9,0.21
0.25,0.5,1,0,2,America,4,0.15,0.02,#e5d119,0.15,#e5d119,#9f995f,21,6,0.15
0.25,0.5,1,1,2,America,4,0.15,0.02,#e5d119,0.17,#e1e519,#9e9f5f,21,7,0.17
0.25,0.5,1,2,2,America,4,0.15,0.02,#e5d119,0.19,#c8e519,#969f5f,21,8,0.19
0.25,0.5,1,3,2,America,4,0.15,0.02,#e5d119,0.21,#b0e519,#8e9f5f,21,9,0.21
0.25,0.4,1,0,2,America,4,0.15,0.02,#e5d119,0.15,#e5d119,#7f7a4c,22,6,0.15
0.25,0.4,1,1,2,America,4,0.15,0.02,#e5d119,0.17,#e1e519,#7e7f4c,22,7,0.17
0.25,0.4,1,2,2,America,4,0.15,0.02,#e5d119,0.19,#c8e519,#787f4c,22,8,0.19
0.25,0.4,1,3,2,America,4,0.15,0.02,#e5d119,0.21,#b0e519,#727f4c,22,9,0.21
0.25,0.6,1,0,2,America,4,0.15,0.02,#e5d119,0.15,#e5d119,#b2ad7f,23,6,0.15
0.25,0.6,1,1,2,America,4,0.15,0.02,#e5d119,0.17,#e1e519,#b1b27f,23,7,0.17
0.25,0.6,1,2,2,America,4,0.15,0.02,#e5d119,0.19,#c8e519,#abb27f,23,8,0.19
0.25,0.6,1,3,2,America,4,0.15,0.02,#e5d119,0.21,#b0e519,#a5b27f,23,9,0.21
0.25,0.3,1,0,2,America,4,0.15,0.02,#e5d119,0.15,#e5d119,#5f5b39,24,6,0.15
0.25,0.3,1,1,2,America,4,0.15,0.02,#e5d119,0.17,#e1e519,#5e5f39,24,7,0.17
0.25,0.3,1,2,2,America,4,0.15,0.02,#e5d119,0.19,#c8e519,#5a5f39,24,8,0.19
0.25,0.3,1,3,2,America,4,0.15,0.02,#e5d119,0.21,#b0e519,#555f39,24,9,0.21
0.25,0.7,1,0,2,America,4,0.15,0.02,#e5d119,0.15,#e5d119,#c5c19f,25,6,0.15
0.25,0.7,1,1,2,America,4,0.15,0.02,#e5d119,0.17,#e1e519,#c4c59f,25,7,0.17
0.25,0.7,1,2,2,America,4,0.15,0.02,#e5d119,0.19,#c8e519,#c0c59f,25,8,0.19
0.25,0.7,1,3,2,America,4,0.15,0.02,#e5d119,0.21,#b0e519,#bbc59f,25,9,0.21
0.8,0.5,2,0,4,Asia,4,0.27,0.065,#67e519,0.27,#67e519,#67e519,1,10,0.27
0.8,0.5,2,1,4,Asia,4,0.27,0.065,#67e519,0.34,#19e51b,#19e51b,1,11,0.34
0.8,0.5,2,2,4,Asia,4,0.27,0.065,#67e519,0.4,#19e56b,#19e56b,1,12,0.4
0.8,0.5,2,3,4,Asia,4,0.27,0.065,#67e519,0.46,#19e5ba,#19e5ba,1,13,0.46
0.8,0.4,2,0,4,Asia,4,0.27,0.065,#67e519,0.27,#67e519,#52b714,2,10,0.27
0.8,0.4,2,1,4,Asia,4,0.27,0.065,#67e519,0.34,#19e51b,#14b716,2,11,0.34
0.8,0.4,2,2,4,Asia,4,0.27,0.065,#67e519,0.4,#19e56b,#14b755,2,12,0.4
0.8,0.4,2,3,4,Asia,4,0.27,0.065,#67e519,0.46,#19e5ba,#14b795,2,13,0.46
0.8,0.6,2,0,4,Asia,4,0.27,0.065,#67e519,0.27,#67e519,#85ea47,3,10,0.27
0.8,0.6,2,1,4,Asia,4,0.27,0.065,#67e519,0.34,#19e51b,#47ea49,3,11,0.34
0.8,0.6,2,2,4,Asia,4,0.27,0.065,#67e519,0.4,#19e56b,#47ea88,3,12,0.4
0.8,0.6,2,3,4,Asia,4,0.27,0.065,#67e519,0.46,#19e5ba,#47eac8,3,13,0.46
0.8,0.3,2,0,4,Asia,4,0.27,0.065,#67e519,0.27,#67e519,#3d890f,4,10,0.27
0.8,0.3,2,1,4,Asia,4,0.27,0.065,#67e519,0.34,#19e51b,#0f8910,4,11,0.34
0.8,0.3,2,2,4,Asia,4,0.27,0.065,#67e519,0.4,#19e56b,#0f8940,4,12,0.4
0.8,0.3,2,3,4,Asia,4,0.27,0.065,#67e519,0.46,#19e5ba,#0f896f,4,13,0.46
0.8,0.7,2,0,4,Asia,4,0.27,0.065,#67e519,0.27,#67e519,#a3ef75,5,10,0.27
0.8,0.7,2,1,4,Asia,4,0.27,0.065,#67e519,0.34,#19e51b,#75ef76,5,11,0.34
0.8,0.7,2,2,4,Asia,4,0.27,0.065,#67e519,0.4,#19e56b,#75efa6,5,12,0.4
0.8,0.7,2,3,4,Asia,4,0.27,0.065,#67e519,0.46,#19e5ba,#75efd5,5,13,0.46
0.6,0.5,2,0,4,Asia,4,0.27,0.065,#67e519,0.27,#67e519,#6dcc32,6,10,0.27
0.6,0.5,2,1,4,Asia,4,0.27,0.065,#67e519,0.34,#19e51b,#32cc34,6,11,0.34
0.6,0.5,2,2,4,Asia,4,0.27,0.065,#67e519,0.4,#19e56b,#32cc70,6,12,0.4
0.6,0.5,2,3,4,Asia,4,0.27,0.065,#67e519,0.46,#19e5ba,#32ccab,6,13,0.46
0.6,0.4,2,0,4,Asia,4,0.27,0.065,#67e519,0.27,#67e519,#57a328,7,10,0.27
0.6,0.4,2,1,4,Asia,4,0.27,0.065,#67e519,0.34,#19e51b,#28a32a,7,11,0.34
0.6,0.4,2,2,4,Asia,4,0.27,0.065,#67e519,0.4,#19e56b,#28a359,7,12,0.4
0.6,0.4,2,3,4,Asia,4,0.27,0.065,#67e519,0.46,#19e5ba,#28a389,7,13,0.46
0.6,0.6,2,0,4,Asia,4,0.27,0.065,#67e519,0.27,#67e519,#8ad65b,8,10,0.27
0.6,0.6,2,1,4,Asia,4,0.27,0.065,#67e519,0.34,#19e51b,#5bd65d,8,11,0.34
0.6,0.6,2,2,4,Asia,4,0.27,0.065,#67e519,0.4,#19e56b,#5bd68c,8,12,0.4
0.6,0.6,2,3,4,Asia,4,0.27,0.065,#67e519,0.46,#19e5ba,#5bd6bc,8,13,0.46
0.6,0.3,2,0,4,Asia,4,0.27,0.065,#67e519,0.27,#67e519,#417a1e,9,10,0.27
0.6,0.3,2,1,4,Asia,4,0.27,0.065,#67e519,0.34,#19e51b,#1e7a1f,9,11,0.34
0.6,0.3,2,2,4,Asia,4,0.27,0.065,#67e519,0.4,#19e56b,#1e7a43,9,12,0.4
0.6,0.3,2,3,4,Asia,4,0.27,0.065,#67e519,0.46,#19e5ba,#1e7a67,9,13,0.46
0.6,0.7,2,0,4,Asia,4,0.27,0.065,#67e519,0.27,#67e519,#a7e084,10,10,0.27
0.6,0.7,2,1,4,Asia,4,0.27,0.065,#67e519,0.34,#19e51b,#84e085,10,11,0.34
0.6,0.7,2,2,4,Asia,4,0.27,0.065,#67e519,0.4,#19e56b,#84e0a9,10,12,0.4
0.6,0.7,2,3,4,Asia,4,0.27,0.065,#67e519,0.46,#19e5ba,#84e0cd,10,13,0.46
1.0,0.5,2,0,4,Asia,4,0.27,0.065,#67e519,0.27,#67e519,#60ff00,11,10,0.27
1.0,0.5,2,1,4,Asia,4,0.27,0.065,#67e519,0.34,#19e51b,#00ff02,11,11,0.34
1.0,0.5,2,2,4,Asia,4,0.27,0.065,#67e519,0.4,#19e56b,#00ff66,11,12,0.4
1.0,0.5,2,3,4,Asia,4,0.27,0.065,#67e519,0.46,#19e5ba,#00ffc9,11,13,0.46
1.0,0.4,2,0,4,Asia,4,0.27,0.065,#67e519,0.27,#67e519,#4dcc00,12,10,0.27
1.0,0.4,2,1,4,Asia,4,0.27,0.065,#67e519,0.34,#19e51b,#00cc02,12,11,0.34
1.0,0.4,2,2,4,Asia,4,0.27,0.065,#67e519,0.4,#19e56b,#00cc51,12,12,0.4
1.0,0.4,2,3,4,Asia,4,0.27,0.065,#67e519,0.46,#19e5ba,#00cca1,12,13,0.46
1.0,0.6,2,0,4,Asia,4,0.27,0.065,#67e519,0.27,#67e519,#80ff32,13,10,0.27
1.0,0.6,2,1,4,Asia,4,0.27,0.065,#67e519,0.34,#19e51b,#32ff35,13,11,0.34
1.0,0.6,2,2,4,Asia,4,0.27,0.065,#67e519,0.4,#19e56b,#32ff84,13,12,0.4
1.0,0.6,2,3,4,Asia,4,0.27,0.065,#67e519,0.46,#19e5ba,#32ffd4,13,13,0.46
1.0,0.3,2,0,4,Asia,4,0.27,0.065,#67e519,0.27,#67e519,#3a9900,14,10,0.27
1.0,0.3,2,1,4,Asia,4,0.27,0.065,#67e519,0.34,#19e51b,#009901,14,11,0.34
1.0,0.3,2,2,4,Asia,4,0.27,0.065,#67e519,0.4,#19e56b,#00993d,14,12,0.4
1.0,0.3,2,3,4,Asia,4,0.27,0.065,#67e519,0.46,#19e5ba,#009978,14,13,0.46
1.0,0.7,2,0,4,Asia,4,0.27,0.065,#67e519,0.27,#67e519,#a0ff65,15,10,0.27
1.0,0.7,2,1,4,Asia,4,0.27,0.065,#67e519,0.34,#19e51b,#65ff67,15,11,0.34
1.0,0.7,2,2,4,Asia,4,0.27,0.065,#67e519,0.4,#19e56b,#65ffa3,15,12,0.4
1.0,0.7,2,3,4,Asia,4,0.27,0.065,#67e519,0.46,#19e5ba,#65ffde,15,13,0.46
0.4,0.5,2,0,4,Asia,4,0.27,0.065,#67e519,0.27,#67e519,#73b24c,16,10,0.27
0.4,0.5,2,1,4,Asia,4,0.27,0.065,#67e519,0.34,#19e51b,#4cb24d,16,11,0.34
0.4,0.5,2,2,4,Asia,4,0.27,0.065,#67e519,0.4,#19e56b,#4cb275,16,12,0.4
0.4,0.5,2,3,4,Asia,4,0.27,0.065,#67e519,0.46,#19e5ba,#4cb29d,16,13,0.46
0.4,0.4,2,0,4,Asia,4,0.27,0.065,#67e519,0.27,#67e519,#5c8e3d,17,10,0.27
0.4,0.4,2,1,4,Asia,4,0.27,0.065,#67e519,0.34,#19e51b,#3d8e3e,17,11,0.34
0.4,0.4,2,2,4,Asia,4,0.27,0.065,#67e519,0.4,#19e56b,#3d8e5d,17,12,0.4
0.4,0.4,2,3,4,Asia,4,0.27,0.065,#67e519,0.46,#19e5ba,#3d8e7d,17,13,0.46
0.4,0.6,2,0,4,Asia,4,0.27,0.065,#67e519,0.27,#67e519,#8fc170,18,10,0.27
0.4,0.6,2,1,4,Asia,4,0.27,0.065,#67e519,0.34,#19e51b,#70c171,18,11,0.34
0.4,0.6,2,2,4,Asia,4,0.27,0.065,#67e519,0.4,#19e56b,#70c190,18,12,0.4
0.4,0.6,2,3,4,Asia,4,0.27,0.065,#67e519,0.46,#19e5ba,#70c1b0,18,13,0.46
0.4,0.3,2,0,4,Asia,4,0.27,0.065,#67e519,0.27,#67e519,#456b2d,19,10,0.27
0.4,0.3,2,1,4,Asia,4,0.27,0.065,#67e519,0.34,#19e51b,#2d6b2e,19,11,0.34
0.4,0.3,2,2,4,Asia,4,0.27,0.065,#67e519,0.4,#19e56b,#2d6b46,19,12,0.4
0.4,0.3,2,3,4,Asia,4,0.27,0.065,#67e519,0.46,#19e5ba,#2d6b5e,19,13,0.46
0.4,0.7,2,0,4,Asia,4,0.27,0.065,#67e519,0.27,#67e519,#abd193,20,10,0.27
0.4,0.7,2,1,4,Asia,4,0.27,0.065,#67e519,0.34,#19e51b,#93d194,20,11,0.34
0.4,0.7,2,2,4,Asia,4,0.27,0.065,#67e519,0.4,#19e56b,#93d1ac,20,12,0.4
0.4,0.7,2,3,4,Asia,4,0.27,0.065,#67e519,0.46,#19e5ba,#93d1c4,20,13,0.46
0.25,0.5,2,0,4,Asia,4,0.27,0.065,#67e519,0.27,#67e519,#779f5f,21,10,0.27
0.25,0.5,2,1,4,Asia,4,0.27,0.065,#67e519,0.34,#19e51b,#5f9f60,21,11,0.34
0.25,0.5,2,2,4,Asia,4,0.27,0.065,#67e519,0.4,#19e56b,#5f9f79,21,12,0.4
0.25,0.5,2,3,4,Asia,4,0.27,0.065,#67e519,0.46,#19e5ba,#5f9f91,21,13,0.46
0.25,0.4,2,0,4,Asia,4,0.27,0.065,#67e519,0.27,#67e519,#5f7f4c,22,10,0.27
0.25,0.4,2,1,4,Asia,4,0.27,0.065,#67e519,0.34,#19e51b,#4c7f4d,22,11,0.34
0.25,0.4,2,2,4,Asia,4,0.27,0.065,#67e519,0.4,#19e56b,#4c7f60,22,12,0.4
0.25,0.4,2,3,4,Asia,4,0.27,0.065,#67e519,0.46,#19e5ba,#4c7f74,22,13,0.46
0.25,0.6,2,0,4,Asia,4,0.27,0.065,#67e519,0.27,#67e519,#92b27f,23,10,0.27
0.25,0.6,2,1,4,Asia,4,0.27,0.065,#67e519,0.34,#19e51b,#7fb280,23,11,0.34
0.25,0.6,2,2,4,Asia,4,0.27,0.065,#67e519,0.4,#19e56b,#7fb293,23,12,0.4
0.25,0.6,2,3,4,Asia,4,0.27,0.065,#67e519,0.46,#19e5ba,#7fb2a7,23,13,0.46
0.25,0.3,2,0,4,Asia,4,0.27,0.065,#67e519,0.27,#67e519,#475f39,24,10,0.27
0.25,0.3,2,1,4,Asia,4,0.27,0.065,#67e519,0.34,#19e51b,#395f39,24,11,0.34
0.25,0.3,2,2,4,Asia,4,0.27,0.065,#67e519,0.4,#19e56b,#395f48,24,12,0.4
0.25,0.3,2,3,4,Asia,4,0.27,0.065,#67e519,0.46,#19e5ba,#395f57,24,13,0.46
0.25,0.7,2,0,4,Asia,4,0.27,0.065,#67e519,0.27,#67e519,#adc59f,25,10,0.27
0.25,0.7,2,1,4,Asia,4,0.27,0.065,#67e519,0.34,#19e51b,#9fc59f,25,11,0.34
0.25,0.7,2,2,4,Asia,4,0.27,0.065,#67e519,0.4,#19e56b,#9fc5ae,25,12,0.4
0.25,0.7,2,3,4,Asia,4,0.27,0.065,#67e519,0.46,#19e5ba,#9fc5bd,25,13,0.46
0.8,0.5,3,0,5,Europe,4,0.6,0.035,#196be5,0.6,#196be5,#196be5,1,14,0.6
0.8,0.5,3,1,5,Europe,4,0.6,0.035,#196be5,0.64,#1940e5,#1940e5,1,15,0.64
0.8,0.5,3,2,5,Europe,4,0.6,0.035,#196be5,0.67,#1d19e5,#1d19e5,1,16,0.67
0.8,0.5,3,3,5,Europe,4,0.6,0.035,#196be5,0.7,#4819e5,#4819e5,1,17,0.7
0.8,0.4,3,0,5,Europe,4,0.6,0.035,#196be5,0.6,#196be5,#1455b7,2,14,0.6
0.8,0.4,3,1,5,Europe,4,0.6,0.035,#196be5,0.64,#1940e5,#1433b7,2,15,0.64
0.8,0.4,3,2,5,Europe,4,0.6,0.035,#196be5,0.67,#1d19e5,#1714b7,2,16,0.67
0.8,0.4,3,3,5,Europe,4,0.6,0.035,#196be5,0.7,#4819e5,#3914b7,2,17,0.7
0.8,0.6,3,0,5,Europe,4,0.6,0.035,#196be5,0.6,#196be5,#4788ea,3,14,0.6
0.8,0.6,3,1,5,Europe,4,0.6,0.035,#196be5,0.64,#1940e5,#4766ea,3,15,0.64
0.8,0.6,3,2,5,Europe,4,0.6,0.035,#196be5,0.67,#1d19e5,#4a47ea,3,16,0.67
0.8,0.6,3,3,5,Europe,4,0.6,0.035,#196be5,0.7,#4819e5,#6c47ea,3,17,0.7
0.8,0.3,3,0,5,Europe,4,0.6,0.035,#196be5,0.6,#196be5,#0f4089,4,14,0.6
0.8,0.3,3,1,5,Europe,4,0.6,0.035,#196be5,0.64,#1940e5,#0f2689,4,15,0.64
0.8,0.3,3,2,5,Europe,4,0.6,0.035,#196be5,0.67,#1d19e5,#110f89,4,16,0.67
0.8,0.3,3,3,5,Europe,4,0.6,0.035,#196be5,0.7,#4819e5,#2b0f89,4,17,0.7
0.8,0.7,3,0,5,Europe,4,0.6,0.035,#196be5,0.6,#196be5,#75a6ef,5,14,0.6
0.8,0.7,3,1,5,Europe,4,0.6,0.035,#196be5,0.64,#1940e5,#758cef,5,15,0.64
0.8,0.7,3,2,5,Europe,4,0.6,0.035,#196be5,0.67,#1d19e5,#7775ef,5,16,0.67
0.8,0.7,3,3,5,Europe,4,0.6,0.035,#196be5,0.7,#4819e5,#9175ef,5,17,0.7
0.6,0.5,3,0,5,Europe,4,0.6,0.035,#196be5,0.6,#196be5,#3270cc,6,14,0.6
0.6,0.5,3,1,5,Europe,4,0.6,0.035,#196be5,0.64,#1940e5,#3250cc,6,15,0.64
0.6,0.5,3,2,5,Europe,4,0.6,0.035,#196be5,0.67,#1d19e5,#3632cc,6,16,0.67
0.6,0.5,3,3,5,Europe,4,0.6,0.035,#196be5,0.7,#4819e5,#5632cc,6,17,0.7
0.6,0.4,3,0,5,Europe,4,0.6,0.035,#196be5,0.6,#196be5,#2859a3,7,14,0.6
0.6,0.4,3,1,5,Europe,4,0.6,0.035,#196be5,0.64,#1940e5,#2840a3,7,15,0.64
0.6,0.4,3,2,5,Europe,4,0.6,0.035,#196be5,0.67,#1d19e5,#2b28a3,7,16,0.67
0.6,0.4,3,3,5,Europe,4,0.6,0.035,#196be5,0.7,#4819e5,#4428a3,7,17,0.7
0.6,0.6,3,0,5,Europe,4,0.6,0.035,#196be5,0.6,#196be5,#5b8cd6,8,14,0.6
0.6,0.6,3,1,5,Europe,4,0.6,0.035,#196be5,0.64,#1940e5,#5b73d6,8,15,0.64
0.6,0.6,3,2,5,Europe,4,0.6,0.035,#196be5,0.67,#1d19e5,#5e5bd6,8,16,0.67
0.6,0.6,3,3,5,Europe,4,0.6,0.035,#196be5,0.7,#4819e5,#775bd6,8,17,0.7
0.6,0.3,3,0,5,Europe,4,0.6,0.035,#196be5,0.6,#196be5,#1e437a,9,14,0.6
0.6,0.3,3,1,5,Europe,4,0.6,0.035,#196be5,0.64,#1940e5,#1e307a,9,15,0.64
0.6,0.3,3,2,5,Europe,4,0.6,0.035,#196be5,0.67,#1d19e5,#201e7a,9,16,0.67
0.6,0.3,3,3,5,Europe,4,0.6,0.035,#196be5,0.7,#4819e5,#331e7a,9,17,0.7
0.6,0.7,3,0,5,Europe,4,0.6,0.035,#196be5,0.6,#196be5,#84a9e0,10,14,0.6
0.6,0.7,3,1,5,Europe,4,0.6,0.035,#196be5,0.64,#1940e5,#8496e0,10,15,0.64
0.6,0.7,3,2,5,Europe,4,0.6,0.035,#196be5,0.67,#1d19e5,#8684e0,10,16,0.67
0.6,0.7,3,3,5,Europe,4,0.6,0.035,#196be5,0.7,#4819e5,#9984e0,10,17,0.7
1.0,0.5,3,0,5,Europe,4,0.6,0.035,#196be5,0.6,#196be5,#0065ff,11,14,0.6
1.0,0.5,3,1,5,Europe,4,0.6,0.035,#196be5,0.64,#1940e5,#0030ff,11,15,0.64
1.0,0.5,3,2,5,Europe,4,0.6,0.035,#196be5,0.67,#1d19e5,#0500ff,11,16,0.67
1.0,0.5,3,3,5,Europe,4,0.6,0.035,#196be5,0.7,#4819e5,#3a00ff,11,17,0.7
1.0,0.4,3,0,5,Europe,4,0.6,0.035,#196be5,0.6,#196be5,#0051cc,12,14,0.6
1.0,0.4,3,1,5,Europe,4,0.6,0.035,#196be5,0.64,#1940e5,#0026cc,12,15,0.64
1.0,0.4,3,2,5,Europe,4,0.6,0.035,#196be5,0.67,#1d19e5,#0400cc,12,16,0.67
1.0,0.4,3,3,5,Europe,4,0.6,0.035,#196be5,0.7,#4819e5,#2e00cc,12,17,0.7
1.0,0.6,3,0,5,Europe,4,0.6,0.035,#196be5,0.6,#196be5,#3284ff,13,14,0.6
1.0,0.6,3,1,5,Europe,4,0.6,0.035,#196be5,0.64,#1940e5,#3259ff,13,15,0.64
1.0,0.6,3,2,5,Europe,4,0.6,0.035,#196be5,0.67,#1d19e5,#3732ff,13,16,0.67
1.0,0.6,3,3,5,Europe,4,0.6,0.035,#196be5,0.7,#4819e5,#6132ff,13,17,0.7
1.0,0.3,3,0,5,Europe,4,0.6,0.035,#196be5,0.6,#196be5,#003d99,14,14,0.6
1.0,0.3,3,1,5,Europe,4,0.6,0.035,#196be5,0.64,#1940e5,#001d99,14,15,0.64
1.0,0.3,3,2,5,Europe,4,0.6,0.035,#196be5,0.67,#1d19e5,#030099,14,16,0.67
1.0,0.3,3,3,5,Europe,4,0.6,0.035,#196be5,0.7,#4819e5,#230099,14,17,0.7
1.0,0.7,3,0,5,Europe,4,0.6,0.035,#196be5,0.6,#196be5,#65a3ff,15,14,0.6
1.0,0.7,3,1,5,Europe,4,0.6,0.035,#196be5,0.64,#1940e5,#6583ff,15,15,0.64
1.0,0.7,3,2,5,Europe,4,0.6,0.035,#196be5,0.67,#1d19e5,#6965ff,15,16,0.67
1.0,0.7,3,3,5,Europe,4,0.6,0.035,#196be5,0.7,#4819e5,#8965ff,15,17,0.7
0.4,0.5,3,0,5,Europe,4,0.6,0.035,#196be5,0.6,#196be5,#4c75b2,16,14,0.6
0.4,0.5,3,1,5,Europe,4,0.6,0.035,#196be5,0.64,#1940e5,#4c5fb2,16,15,0.64
0.4,0.5,3,2,5,Europe,4,0.6,0.035,#196be5,0.67,#1d19e5,#4e4cb2,16,16,0.67
0.4,0.5,3,3,5,Europe,4,0.6,0.035,#196be5,0.7,#4819e5,#634cb2,16,17,0.7
0.4,0.4,3,0,5,Europe,4,0.6,0.035,#196be5,0.6,#196be5,#3d5d8e,17,14,0.6
0.4,0.4,3,1,5,Europe,4,0.6,0.035,#196be5,0.64,#1940e5,#3d4c8e,17,15,0.64
0.4,0.4,3,2,5,Europe,4,0.6,0.035,#196be5,0.67,#1d19e5,#3e3d8e,17,16,0.67
0.4,0.4,3,3,5,Europe,4,0.6,0.035,#196be5,0.7,#4819e5,#4f3d8e,17,17,0.7
0.4,0.6,3,0,5,Europe,4,0.6,0.035,#196be5,0.6,#196be5,#7090c1,18,14,0.6
0.4,0.6,3,1,5,Europe,4,0.6,0.035,#196be5,0.64,#1940e5,#707fc1,18,15,0.64
0.4,0.6,3,2,5,Europe,4,0.6,0.035,#196be5,0.67,#1d19e5,#7170c1,18,16,0.67
0.4,0.6,3,3,5,Europe,4,0.6,0.035,#196be5,0.7,#4819e5,#8270c1,18,17,0.7
0.4,0.3,3,0,5,Europe,4,0.6,0.035,#196be5,0.6,#196be5,#2d466b,19,14,0.6
0.4,0.3,3,1,5,Europe,4,0.6,0.035,#196be5,0.64,#1940e5,#2d396b,19,15,0.64
0.4,0.3,3,2,5,Europe,4,0.6,0.035,#196be5,0.67,#1d19e5,#2f2d6b,19,16,0.67
0.4,0.3,3,3,5,Europe,4,0.6,0.035,#196be5,0.7,#4819e5,#3b2d6b,19,17,0.7
0.4,0.7,3,0,5,Europe,4,0.6,0.035,#196be5,0.6,#196be5,#93acd1,20,14,0.6
0.4,0.7,3,1,5,Europe,4,0.6,0.035,#196be5,0.64,#1940e5,#939fd1,20,15,0.64
0.4,0.7,3,2,5,Europe,4,0.6,0.035,#196be5,0.67,#1d19e5,#9593d1,20,16,0.67
0.4,0.7,3,3,5,Europe,4,0.6,0.035,#196be5,0.7,#4819e5,#a193d1,20,17,0.7
0.25,0.5,3,0,5,Europe,4,0.6,0.035,#196be5,0.6,#196be5,#5f799f,21,14,0.6
0.25,0.5,3,1,5,Europe,4,0.6,0.035,#196be5,0.64,#1940e5,#5f6b9f,21,15,0.64
0.25,0.5,3,2,5,Europe,4,0.6,0.035,#196be5,0.67,#1d19e5,#605f9f,21,16,0.67
0.25,0.5,3,3,5,Europe,4,0.6,0.035,#196be5,0.7,#4819e5,#6e5f9f,21,17,0.7
0.25,0.4,3,0,5,Europe,4,0.6,0.035,#196be5,0.6,#196be5,#4c607f,22,14,0.6
0.25,0.4,3,1,5,Europe,4,0.6,0.035,#196be5,0.64,#1940e5,#4c567f,22,15,0.64
0.25,0.4,3,2,5,Europe,4,0.6,0.035,#196be5,0.67,#1d19e5,#4d4c7f,22,16,0.67
0.25,0.4,3,3,5,Europe,4,0.6,0.035,#196be5,0.7,#4819e5,#584c7f,22,17,0.7
0.25,0.6,3,0,5,Europe,4,0.6,0.035,#196be5,0.6,#196be5,#7f93b2,23,14,0.6
0.25,0.6,3,1,5,Europe,4,0.6,0.035,#196be5,0.64,#1940e5,#7f89b2,23,15,0.64
0.25,0.6,3,2,5,Europe,4,0.6,0.035,#196be5,0.67,#1d19e5,#807fb2,23,16,0.67
0.25,0.6,3,3,5,Europe,4,0.6,0.035,#196be5,0.7,#4819e5,#8b7fb2,23,17,0.7
0.25,0.3,3,0,5,Europe,4,0.6,0.035,#196be5,0.6,#196be5,#39485f,24,14,0.6
0.25,0.3,3,1,5,Europe,4,0.6,0.035,#196be5,0.64,#1940e5,#39405f,24,15,0.64
0.25,0.3,3,2,5,Europe,4,0.6,0.035,#196be5,0.67,#1d19e5,#3a395f,24,16,0.67
0.25,0.3,3,3,5,Europe,4,0.6,0.035,#196be5,0.7,#4819e5,#42395f,24,17,0.7
0.25,0.7,3,0,5,Europe,4,0.6,0.035,#196be5,0.6,#196be5,#9faec5,25,14,0.6
0.25,0.7,3,1,5,Europe,4,0.6,0.035,#196be5,0.64,#1940e5,#9fa6c5,25,15,0.64
0.25,0.7,3,2,5,Europe,4,0.6,0.035,#196be5,0.67,#1d19e5,#a09fc5,25,16,0.67
0.25,0.7,3,3,5,Europe,4,0.6,0.035,#196be5,0.7,#4819e5,#a89fc5,25,17,0.7
0.8,0.5,4,0,6,Oceania,5,0.85,0.03,#e519d1,0.85,#e519d1,#e519d1,1,18,0.85
0.8,0.5,4,1,6,Oceania,5,0.85,0.03,#e519d1,0.88,#e519ac,#e519ac,1,19,0.88
0.8,0.5,4,2,6,Oceania,5,0.85,0.03,#e519d1,0.91,#e51987,#e51987,1,20,0.91
0.8,0.5,4,3,6,Oceania,5,0.85,0.03,#e519d1,0.94,#e51962,#e51962,1,21,0.94
0.8,0.5,4,4,6,Oceania,5,0.85,0.03,#e519d1,0.97,#e5193e,#e5193e,1,22,0.97
0.8,0.4,4,0,6,Oceania,5,0.85,0.03,#e519d1,0.85,#e519d1,#b714a7,2,18,0.85
0.8,0.4,4,1,6,Oceania,5,0.85,0.03,#e519d1,0.88,#e519ac,#b71489,2,19,0.88
0.8,0.4,4,2,6,Oceania,5,0.85,0.03,#e519d1,0.91,#e51987,#b7146c,2,20,0.91
0.8,0.4,4,3,6,Oceania,5,0.85,0.03,#e519d1,0.94,#e51962,#b7144f,2,21,0.94
0.8,0.4,4,4,6,Oceania,5,0.85,0.03,#e519d1,0.97,#e5193e,#b71431,2,22,0.97
0.8,0.6,4,0,6,Oceania,5,0.85,0.03,#e519d1,0.85,#e519d1,#ea47da,3,18,0.85
0.8,0.6,4,1,6,Oceania,5,0.85,0.03,#e519d1,0.88,#e519ac,#ea47bc,3,19,0.88
0.8,0.6,4,2,6,Oceania,5,0.85,0.03,#e519d1,0.91,#e51987,#ea479f,3,20,0.91
0.8,0.6,4,3,6,Oceania,5,0.85,0.03,#e519d1,0.94,#e51962,#ea4782,3,21,0.94
0.8,0.6,4,4,6,Oceania,5,0.85,0.03,#e519d1,0.97,#e5193e,#ea4764,3,22,0.97
0.8,0.3,4,0,6,Oceania,5,0.85,0.03,#e519d1,0.85,#e519d1,#890f7d,4,18,0.85
0.8,0.3,4,1,6,Oceania,5,0.85,0.03,#e519d1,0.88,#e519ac,#890f67,4,19,0.88
0.8,0.3,4,2,6,Oceania,5,0.85,0.03,#e519d1,0.91,#e51987,#890f51,4,20,0.91
0.8,0.3,4,3,6,Oceania,5,0.85,0.03,#e519d1,0.94,#e51962,#890f3b,4,21,0.94
0.8,0.3,4,4,6,Oceania,5,0.85,0.03,#e519d1,0.97,#e5193e,#890f25,4,22,0.97
0.8,0.7,4,0,6,Oceania,5,0.85,0.03,#e519d1,0.85,#e519d1,#ef75e3,5,18,0.85
0.8,0.7,4,1,6,Oceania,5,0.85,0.03,#e519d1,0.88,#e519ac,#ef75cd,5,19,0.88
0.8,0.7,4,2,6,Oceania,5,0.85,0.03,#e519d1,0.91,#e51987,#ef75b7,5,20,0.91
0.8,0.7,4,3,6,Oceania,5,0.85,0.03,#e519d1,0.94,#e51962,#ef75a1,5,21,0.94
0.8,0.7,4,4,6,Oceania,5,0.85,0.03,#e519d1,0.97,#e5193e,#ef758b,5,22,0.97
0.6,0.5,4,0,6,Oceania,5,0.85,0.03,#e519d1,0.85,#e519d1,#cc32bc,6,18,0.85
0.6,0.5,4,1,6,Oceania,5,0.85,0.03,#e519d1,0.88,#e519ac,#cc32a1,6,19,0.88
0.6,0.5,4,2,6,Oceania,5,0.85,0.03,#e519d1,0.91,#e51987,#cc3285,6,20,0.91
0.6,0.5,4,3,6,Oceania,5,0.85,0.03,#e519d1,0.94,#e51962,#cc326a,6,21,0.94
0.6,0.5,4,4,6,Oceania,5,0.85,0.03,#e519d1,0.97,#e5193e,#cc324e,6,22,0.97
0.6,0.4,4,0,6,Oceania,5,0.85,0.03,#e519d1,0.85,#e519d1,#a32896,7,18,0.85
0.6,0.4,4,1,6,Oceania,5,0.85,0.03,#e519d1,0.88,#e519ac,#a32880,7,19,0.88
0.6,0.4,4,2,6,Oceania,5,0.85,0.03,#e519d1,0.91,#e51987,#a3286a,7,20,0.91
0.6,0.4,4,3,6,Oceania,5,0.85,0.03,#e519d1,0.94,#e51962,#a32854,7,21,0.94
0.6,0.4,4,4,6,Oceania,5,0.85,0.03,#e519d1,0.97,#e5193e,#a3283e,7,22,0.97
0.6,0.6,4,0,6,Oceania,5,0.85,0.03,#e519d1,0.85,#e519d1,#d65bc9,8,18,0.85
0.6,0.6,4,1,6,Oceania,5,0.85,0.03,#e519d1,0.88,#e519ac,#d65bb3,8,19,0.88
0.6,0.6,4,2,6,Oceania,5,0.85,0.03,#e519d1,0.91,#e51987,#d65b9d,8,20,0.91
0.6,0.6,4,3,6,Oceania,5,0.85,0.03,#e519d1,0.94,#e51962,#d65b87,8,21,0.94
0.6,0.6,4,4,6,Oceania,5,0.85,0.03,#e519d1,0.97,#e5193e,#d65b71,8,22,0.97
0.6,0.3,4,0,6,Oceania,5,0.85,0.03,#e519d1,0.85,#e519d1,#7a1e71,9,18,0.85
0.6,0.3,4,1,6,Oceania,5,0.85,0.03,#e519d1,0.88,#e519ac,#7a1e60,9,19,0.88
0.6,0.3,4,2,6,Oceania,5,0.85,0.03,#e519d1,0.91,#e51987,#7a1e50,9,20,0.91
0.6,0.3,4,3,6,Oceania,5,0.85,0.03,#e519d1,0.94,#e51962,#7a1e3f,9,21,0.94
0.6,0.3,4,4,6,Oceania,5,0.85,0.03,#e519d1,0.97,#e5193e,#7a1e2f,9,22,0.97
0.6,0.7,4,0,6,Oceania,5,0.85,0.03,#e519d1,0.85,#e519d1,#e084d7,10,18,0.85
0.6,0.7,4,1,6,Oceania,5,0.85,0.03,#e519d1,0.88,#e519ac,#e084c6,10,19,0.88
0.6,0.7,4,2,6,Oceania,5,0.85,0.03,#e519d1,0.91,#e51987,#e084b6,10,20,0.91
0.6,0.7,4,3,6,Oceania,5,0.85,0.03,#e519d1,0.94,#e51962,#e084a5,10,21,0.94
0.6,0.7,4,4,6,Oceania,5,0.85,0.03,#e519d1,0.97,#e5193e,#e08495,10,22,0.97
1.0,0.5,4,0,6,Oceania,5,0.85,0.03,#e519d1,0.85,#e519d1,#ff00e5,11,18,0.85
1.0,0.5,4,1,6,Oceania,5,0.85,0.03,#e519d1,0.88,#e519ac,#ff00b7,11,19,0.88
1.0,0.5,4,2,6,Oceania,5,0.85,0.03,#e519d1,0.91,#e51987,#ff0089,11,20,0.91
1.0,0.5,4,3,6,Oceania,5,0.85,0.03,#e519d1,0.94,#e51962,#ff005b,11,21,0.94
1.0,0.5,4,4,6,Oceania,5,0.85,0.03,#e519d1,0.97,#e5193e,#ff002d,11,22,0.97
1.0,0.4,4,0,6,Oceania,5,0.85,0.03,#e519d1,0.85,#e519d1,#cc00b7,12,18,0.85
1.0,0.4,4,1,6,Oceania,5,0.85,0.03,#e519d1,0.88,#e519ac,#cc0092,12,19,0.88
1.0,0.4,4,2,6,Oceania,5,0.85,0.03,#e519d1,0.91,#e51987,#cc006e,12,20,0.91
1.0,0.4,4,3,6,Oceania,5,0.85,0.03,#e519d1,0.94,#e51962,#cc0049,12,21,0.94
1.0,0.4,4,4,6,Oceania,5,0.85,0.03,#e519d1,0.97,#e5193e,#cc0024,12,22,0.97
1.0,0.6,4,0,6,Oceania,5,0.85,0.03,#e519d1,0.85,#e519d1,#ff32ea,13,18,0.85
1.0,0.6,4,1,6,Oceania,5,0.85,0.03,#e519d1,0.88,#e519ac,#ff32c5,13,19,0.88
1.0,0.6,4,2,6,Oceania,5,0.85,0.03,#e519d1,0.91,#e51987,#ff32a1,13,20,0.91
1.0,0.6,4,3,6,Oceania,5,0.85,0.03,#e519d1,0.94,#e51962,#ff327c,13,21,0.94
1.0,0.6,4,4,6,Oceania,5,0.85,0.03,#e519d1,0.97,#e5193e,#ff3257,13,22,0.97
1.0,0.3,4,0,6,Oceania,5,0.85,0.03,#e519d1,0.85,#e519d1,#990089,14,18,0.85
1.0,0.3,4,1,6,Oceania,5,0.85,0.03,#e519d1,0.88,#e519ac,#99006e,14,19,0.88
1.0,0.3,4,2,6,Oceania,5,0.85,0.03,#e519d1,0.91,#e51987,#990052,14,20,0.91
1.0,0.3,4,3,6,Oceania,5,0.85,0.03,#e519d1,0.94,#e51962,#990037,14,21,0.94
1.0,0.3,4,4,6,Oceania,5,0.85,0.03,#e519d1,0.97,#e5193e,#99001b,14,22,0.97
1.0,0.7,4,0,6,Oceania,5,0.85,0.03,#e519d1,0.85,#e519d1,#ff65ef,15,18,0.85
1.0,0.7,4,1,6,Oceania,5,0.85,0.03,#e519d1,0.88,#e519ac,#ff65d4,15,19,0.88
1.0,0.7,4,2,6,Oceania,5,0.85,0.03,#e519d1,0.91,#e51987,#ff65b8,15,20,0.91
1.0,0.7,4,3,6,Oceania,5,0.85,0.03,#e519d1,0.94,#e51962,#ff659d,15,21,0.94
1.0,0.7,4,4,6,Oceania,5,0.85,0.03,#e519d1,0.97,#e5193e,#ff6581,15,22,0.97
0.4,0.5,4,0,6,Oceania,5,0.85,0.03,#e519d1,0.85,#e519d1,#b24ca8,16,18,0.85
0.4,0.5,4,1,6,Oceania,5,0.85,0.03,#e519d1,0.88,#e519ac,#b24c95,16,19,0.88
0.4,0.5,4,2,6,Oceania,5,0.85,0.03,#e519d1,0.91,#e51987,#b24c83,16,20,0.91
0.4,0.5,4,3,6,Oceania,5,0.85,0.03,#e519d1,0.94,#e51962,#b24c71,16,21,0.94
0.4,0.5,4,4,6,Oceania,5,0.85,0.03,#e519d1,0.97,#e5193e,#b24c5e,16,22,0.97
0.4,0.4,4,0,6,Oceania,5,0.85,0.03,#e519d1,0.85,#e519d1,#8e3d86,17,18,0.85
0.4,0.4,4,1,6,Oceania,5,0.85,0.03,#e519d1,0.88,#e519ac,#8e3d77,17,19,0.88
0.4,0.4,4,2,6,Oceania,5,0.85,0.03,#e519d1,0.91,#e51987,#8e3d69,17,20,0.91
0.4,0.4,4,3,6,Oceania,5,0.85,0.03,#e519d1,0.94,#e51962,#8e3d5a,17,21,0.94
0.4,0.4,4,4,6,Oceania,5,0.85,0.03,#e519d1,0.97,#e5193e,#8e3d4b,17,22,0.97
0.4,0.6,4,0,6,Oceania,5,0.85,0.03,#e519d1,0.85,#e519d1,#c170b9,18,18,0.85
0.4,0.6,4,1,6,Oceania,5,0.85,0.03,#e519d1,0.88,#e519ac,#c170aa,18,19,0.88
0.4,0.6,4,2,6,Oceania,5,0.85,0.03,#e519d1,0.91,#e51987,#c1709c,18,20,0.91
0.4,0.6,4,3,6,Oceania,5,0.85,0.03,#e519d1,0.94,#e51962,#c1708d,18,21,0.94
0.4,0.6,4,4,6,Oceania,5,0.85,0.03,#e519d1,0.97,#e5193e,#c1707e,18,22,0.97
0.4,0.3,4,0,6,Oceania,5,0.85,0.03,#e519d1,0.85,#e519d1,#6b2d64,19,18,0.85
0.4,0.3,4,1,6,Oceania,5,0.85,0.03,#e519d1,0.88,#e519ac,#6b2d59,19,19,0.88
0.4,0.3,4,2,6,Oceania,5,0.85,0.03,#e519d1,0.91,#e51987,#6b2d4e,19,20,0.91
0.4,0.3,4,3,6,Oceania,5,0.85,0.03,#e519d1,0.94,#e51962,#6b2d43,19,21,0.94
0.4,0.3,4,4,6,Oceania,5,0.85,0.03,#e519d1,0.97,#e5193e,#6b2d38,19,22,0.97
0.4,0.7,4,0,6,Oceania,5,0.85,0.03,#e519d1,0.85,#e519d1,#d193ca,20,18,0.85
0.4,0.7,4,1,6,Oceania,5,0.85,0.03,#e519d1,0.88,#e519ac,#d193bf,20,19,0.88
0.4,0.7,4,2,6,Oceania,5,0.85,0.03,#e519d1,0.91,#e51987,#d193b4,20,20,0.91
0.4,0.7,4,3,6,Oceania,5,0.85,0.03,#e519d1,0.94,#e51962,#d193a9,20,21,0.94
0.4,0.7,4,4,6,Oceania,5,0.85,0.03,#e519d1,0.97,#e5193e,#d1939e,20,22,0.97
0.25,0.5,4,0,6,Oceania,5,0.85,0.03,#e519d1,0.85,#e519d1,#9f5f99,21,18,0.85
0.25,0.5,4,1,6,Oceania,5,0.85,0.03,#e519d1,0.88,#e519ac,#9f5f8d,21,19,0.88
0.25,0.5,4,2,6,Oceania,5,0.85,0.03,#e519d1,0.91,#e51987,#9f5f82,21,20,0.91
0.25,0.5,4,3,6,Oceania,5,0.85,0.03,#e519d1,0.94,#e51962,#9f5f76,21,21,0.94
0.25,0.5,4,4,6,Oceania,5,0.85,0.03,#e519d1,0.97,#e5193e,#9f5f6b,21,22,0.97
0.25,0.4,4,0,6,Oceania,5,0.85,0.03,#e519d1,0.85,#e519d1,#7f4c7a,22,18,0.85
0.25,0.4,4,1,6,Oceania,5,0.85,0.03,#e519d1,0.88,#e519ac,#7f4c71,22,19,0.88
0.25,0.4,4,2,6,Oceania,5,0.85,0.03,#e519d1,0.91,#e51987,#7f4c68,22,20,0.91
0.25,0.4,4,3,6,Oceania,5,0.85,0.03,#e519d1,0.94,#e51962,#7f4c5e,22,21,0.94
0.25,0.4,4,4,6,Oceania,5,0.85,0.03,#e519d1,0.97,#e5193e,#7f4c55,22,22,0.97
0.25,0.6,4,0,6,Oceania,5,0.85,0.03,#e519d1,0.85,#e519d1,#b27fad,23,18,0.85
0.25,0.6,4,1,6,Oceania,5,0.85,0.03,#e519d1,0.88,#e519ac,#b27fa4,23,19,0.88
0.25,0.6,4,2,6,Oceania,5,0.85,0.03,#e519d1,0.91,#e51987,#b27f9b,23,20,0.91
0.25,0.6,4,3,6,Oceania,5,0.85,0.03,#e519d1,0.94,#e51962,#b27f91,23,21,0.94
0.25,0.6,4,4,6,Oceania,5,0.85,0.03,#e519d1,0.97,#e5193e,#b27f88,23,22,0.97
0.25,0.3,4,0,6,Oceania,5,0.85,0.03,#e519d1,0.85,#e519d1,#5f395b,24,18,0.85
0.25,0.3,4,1,6,Oceania,5,0.85,0.03,#e519d1,0.88,#e519ac,#5f3954,24,19,0.88
0.25,0.3,4,2,6,Oceania,5,0.85,0.03,#e519d1,0.91,#e51987,#5f394e,24,20,0.91
0.25,0.3,4,3,6,Oceania,5,0.85,0.03,#e519d1,0.94,#e51962,#5f3947,24,21,0.94
0.25,0.3,4,4,6,Oceania,5,0.85,0.03,#e519d1,0.97,#e5193e,#5f3940,24,22,0.97
0.25,0.7,4,0,6,Oceania,5,0.85,0.03,#e519d1,0.85,#e519d1,#c59fc1,25,18,0.85
0.25,0.7,4,1,6,Oceania,5,0.85,0.03,#e519d1,0.88,#e519ac,#c59fba,25,19,0.88
0.25,0.7,4,2,6,Oceania,5,0.85,0.03,#e519d1,0.91,#e51987,#c59fb4,25,20,0.91
0.25,0.7,4,3,6,Oceania,5,0.85,0.03,#e519d1,0.94,#e51962,#c59fad,25,21,0.94
0.25,0.7,4,4,6,Oceania,5,0.85,0.03,#e519d1,0.97,#e5193e,#c59fa6,25,22,0.97
